想いを手に願いを込めて,581,104.5,5.55,180.0,180.0,https://wikiwiki.jp/taiko-fumen/%E5%8F%8E%E9%8C%B2%E6%9B%B2/%E3%81%8A%E3%81%AB/%E6%83%B3%E3%81%84%E3%82%92%E6%89%8B%E3%81%AB%E9%A1%98%E3%81%84%E3%82%92%E8%BE%BC%E3%82%81%E3%81%A6
TO MAKE THE END OF BATTLE,602,108.31,5.549,232.4,232.4,https://wikiwiki.jp/taiko-fumen/%E5%8F%8E%E9%8C%B2%E6%9B%B2/%E3%81%8A%E3%81%AB/TO%20MAKE%20THE%20END%20OF%20BATTLE
アニマル,824,148.72,5.534,188.0,188.0,https://wikiwiki.jp/taiko-fumen/%E5%8F%8E%E9%8C%B2%E6%9B%B2/%E3%81%8A%E3%81%AB/%E3%82%A2%E3%83%8B%E3%83%9E%E3%83%AB
BLAZING VORTEX,797,144.28,5.517,173.0,173.0,https://wikiwiki.jp/taiko-fumen/%E5%8F%8E%E9%8C%B2%E6%9B%B2/%E3%81%8A%E3%81%AB/BLAZING%20VORTEX
怪物,466,84.71,5.49,170.0,170.0,https://wikiwiki.jp/taiko-fumen/%E5%8F%8E%E9%8C%B2%E6%9B%B2/%E3%81%8A%E3%81%AB/%E6%80%AA%E7%89%A9
さいたま2000(達人譜面),570,104.4,5.45,200.0,200.0,https://wikiwiki.jp/taiko-fumen/%E5%8F%8E%E9%8C%B2%E6%9B%B2/%E3%81%8A%E3%81%AB/%E3%81%95%E3%81%84%E3%81%9F%E3%81%BE2000
twinkle night (feat. somunia),590,110.17,5.346,174.0,174.0,https://wikiwiki.jp/taiko-fumen/%E5%8F%8E%E9%8C%B2%E6%9B%B2/%E3%81%8A%E3%81%AB/twinkle%20night%20%28feat.%20somunia%29
シオカラ節,432,81.1,5.314,145.0,145.0,https://wikiwiki.jp/taiko-fumen/%E5%8F%8E%E9%8C%B2%E6%9B%B2/%E3%81%8A%E3%81%AB/%E3%82%B7%E3%82%AA%E3%82%AB%E3%83%A9%E7%AF%80
dance storm,644,121.26,5.303,190.0,190.0,https://wikiwiki.jp/taiko-fumen/%E5%8F%8E%E9%8C%B2%E6%9B%B2/%E3%81%8A%E3%81%AB/dance%20storm
チキチキバンバン,448,84.38,5.298,128.0,128.0,https://wikiwiki.jp/taiko-fumen/%E5%8F%8E%E9%8C%B2%E6%9B%B2/%E3%81%8A%E3%81%AB/%E3%83%81%E3%82%AD%E3%83%81%E3%82%AD%E3%83%90%E3%83%B3%E3%83%90%E3%83%B3
オリオンをなぞる,466,88.19,5.273,182.0,182.0,https://wikiwiki.jp/taiko-fumen/%E5%8F%8E%E9%8C%B2%E6%9B%B2/%E3%81%8A%E3%81%AB/%E3%82%AA%E3%83%AA%E3%82%AA%E3%83%B3%E3%82%92%E3%81%AA%E3%81%9E%E3%82%8B
阿修羅ちゃん,461,87.4,5.263,156.0,156.0,https://wikiwiki.jp/taiko-fumen/%E5%8F%8E%E9%8C%B2%E6%9B%B2/%E3%81%8A%E3%81%AB/%E9%98%BF%E4%BF%AE%E7%BE%85%E3%81%A1%E3%82%83%E3%82%93
さいたま2000(普通譜面)=(玄人譜面),550,104.4,5.259,200.0,200.0,https://wikiwiki.jp/taiko-fumen/%E5%8F%8E%E9%8C%B2%E6%9B%B2/%E3%81%8A%E3%81%AB/%E3%81%95%E3%81%84%E3%81%9F%E3%81%BE2000
誘惑,569,108.43,5.238,181.77,181.77,https://wikiwiki.jp/taiko-fumen/%E5%8F%8E%E9%8C%B2%E6%9B%B2/%E3%81%8A%E3%81%AB/%E8%AA%98%E6%83%91
Fly again！,551,105.45,5.216,202.0,202.0,https://wikiwiki.jp/taiko-fumen/%E5%8F%8E%E9%8C%B2%E6%9B%B2/%E3%81%8A%E3%81%AB/Fly%20again%21
オフ♨ロック,594,113.7,5.215,199.21,199.21,https://wikiwiki.jp/taiko-fumen/%E5%8F%8E%E9%8C%B2%E6%9B%B2/%E3%81%8A%E3%81%AB/%E3%82%AA%E3%83%95%E3%83%BB%E3%83%AD%E3%83%83%E3%82%AF
命短し恋せよ乙女,487,93.22,5.213,166.06,166.06,https://wikiwiki.jp/taiko-fumen/%E5%8F%8E%E9%8C%B2%E6%9B%B2/%E3%81%8A%E3%81%AB/%E5%91%BD%E7%9F%AD%E3%81%97%E6%81%8B%E3%81%9B%E3%82%88%E4%B9%99%E5%A5%B3
駄々っ子モンスター,557,106.89,5.202,183.0,183.0,https://wikiwiki.jp/taiko-fumen/%E5%8F%8E%E9%8C%B2%E6%9B%B2/%E3%81%8A%E3%81%AB/%E9%A7%84%E3%80%85%E3%81%A3%E5%AD%90%E3%83%A2%E3%83%B3%E3%82%B9%E3%82%BF%E3%83%BC
Fly away,579,111.9,5.165,200.0,200.0,https://wikiwiki.jp/taiko-fumen/%E5%8F%8E%E9%8C%B2%E6%9B%B2/%E3%81%8A%E3%81%AB/Fly%20away
残響散歌,436,84.39,5.155,171.0,171.0,https://wikiwiki.jp/taiko-fumen/%E5%8F%8E%E9%8C%B2%E6%9B%B2/%E3%81%8A%E3%81%AB/%E6%AE%8B%E9%9F%BF%E6%95%A3%E6%AD%8C
ともに,590,114.33,5.152,236.16,236.16,https://wikiwiki.jp/taiko-fumen/%E5%8F%8E%E9%8C%B2%E6%9B%B2/%E3%81%8A%E3%81%AB/%E3%81%A8%E3%82%82%E3%81%AB
カ！カ！カ！カミズモード！,446,86.53,5.143,160.87,160.87,https://wikiwiki.jp/taiko-fumen/%E5%8F%8E%E9%8C%B2%E6%9B%B2/%E3%81%8A%E3%81%AB/%E3%82%AB%EF%BC%81%E3%82%AB%EF%BC%81%E3%82%AB%EF%BC%81%E3%82%AB%E3%83%9F%E3%82%BA%E3%83%A2%E3%83%BC%E3%83%89%EF%BC%81
Smile & Go!!,494,96.0,5.135,160.0,160.0,https://wikiwiki.jp/taiko-fumen/%E5%8F%8E%E9%8C%B2%E6%9B%B2/%E3%81%8A%E3%81%AB/Smile%20%EF%BC%86%20Go%21%21
ナンセンス文学,416,81.56,5.088,154.0,154.0,https://wikiwiki.jp/taiko-fumen/%E5%8F%8E%E9%8C%B2%E6%9B%B2/%E3%81%8A%E3%81%AB/%E3%83%8A%E3%83%B3%E3%82%BB%E3%83%B3%E3%82%B9%E6%96%87%E5%AD%A6
via lactea,593,117.03,5.058,172.0,172.0,https://wikiwiki.jp/taiko-fumen/%E5%8F%8E%E9%8C%B2%E6%9B%B2/%E3%81%8A%E3%81%AB/via%20lactea
シル・ヴ・プレジデント,436,86.08,5.053,176.0,176.0,https://wikiwiki.jp/taiko-fumen/%E5%8F%8E%E9%8C%B2%E6%9B%B2/%E3%81%8A%E3%81%AB/%E3%82%B7%E3%83%AB%E3%83%BB%E3%83%B4%E3%83%BB%E3%83%97%E3%83%AC%E3%82%B8%E3%83%87%E3%83%B3%E3%83%88
自分REST@RT,567,112.29,5.041,170.99,170.99,https://wikiwiki.jp/taiko-fumen/%E5%8F%8E%E9%8C%B2%E6%9B%B2/%E3%81%8A%E3%81%AB/%E8%87%AA%E5%88%86REST%40RT
PONPOKO RHYTHM,554,110.82,4.99,170.0,170.0,https://wikiwiki.jp/taiko-fumen/%E5%8F%8E%E9%8C%B2%E6%9B%B2/%E3%81%8A%E3%81%AB/PONPOKO%20RHYTHM
Many wow bang!(達人譜面),478,95.71,4.984,134.0,134.0,https://wikiwiki.jp/taiko-fumen/%E5%8F%8E%E9%8C%B2%E6%9B%B2/%E3%81%8A%E3%81%AB/Many%20wow%20bang%21
Mulberry,544,109.06,4.979,170.0,170.0,https://wikiwiki.jp/taiko-fumen/%E5%8F%8E%E9%8C%B2%E6%9B%B2/%E3%81%8A%E3%81%AB/Mulberry
アイドル狂戦士(feat.佐藤貴文),580,116.31,4.978,195.0,195.0,https://wikiwiki.jp/taiko-fumen/%E5%8F%8E%E9%8C%B2%E6%9B%B2/%E3%81%8A%E3%81%AB/%E3%82%A2%E3%82%A4%E3%83%89%E3%83%AB%E7%8B%82%E6%88%A6%E5%A3%AB%28feat.%E4%BD%90%E8%97%A4%E8%B2%B4%E6%96%87%29
蓄勢,654,131.3,4.973,146.0,146.0,https://wikiwiki.jp/taiko-fumen/%E5%8F%8E%E9%8C%B2%E6%9B%B2/%E3%81%8A%E3%81%AB/%E8%93%84%E5%8B%A2%20%EF%BD%9EGEAR%20UP%EF%BD%9E
恋ゲバ,393,79.6,4.924,202.0,202.0,https://wikiwiki.jp/taiko-fumen/%E5%8F%8E%E9%8C%B2%E6%9B%B2/%E3%81%8A%E3%81%AB/%E6%81%8B%E3%82%B2%E3%83%90
only my railgun,429,87.06,4.916,143.0,143.0,https://wikiwiki.jp/taiko-fumen/%E5%8F%8E%E9%8C%B2%E6%9B%B2/%E3%81%8A%E3%81%AB/only%20my%20railgun
ヘイ，ミスタープロフェッサー,567,115.44,4.903,158.0,158.0,https://wikiwiki.jp/taiko-fumen/%E5%8F%8E%E9%8C%B2%E6%9B%B2/%E3%81%8A%E3%81%AB/%E3%83%98%E3%82%A4%2C%E3%83%9F%E3%82%B9%E3%82%BF%E3%83%BC%E3%83%97%E3%83%AD%E3%83%95%E3%82%A7%E3%83%83%E3%82%B5%E3%83%BC
ポケットモンスター Let's Go! ピカチュウ・Let's Go! イーブイ,700,143.67,4.865,158.69,158.69,https://wikiwiki.jp/taiko-fumen/%E5%8F%8E%E9%8C%B2%E6%9B%B2/%E3%81%8A%E3%81%AB/%E3%83%9D%E3%82%B1%E3%83%83%E3%83%88%E3%83%A2%E3%83%B3%E3%82%B9%E3%82%BF%E3%83%BC%20Let%27s%20Go%21%20%E3%83%94%E3%82%AB%E3%83%81%E3%83%A5%E3%82%A6%E3%83%BBLet%27s%20Go%21%20%E3%82%A4%E3%83%BC%E3%83%96%E3%82%A4
GEEDの証,410,84.11,4.862,158.0,158.0,https://wikiwiki.jp/taiko-fumen/%E5%8F%8E%E9%8C%B2%E6%9B%B2/%E3%81%8A%E3%81%AB/GEED%E3%81%AE%E8%A8%BC
Phoenix,555,114.29,4.848,168.0,168.0,https://wikiwiki.jp/taiko-fumen/%E5%8F%8E%E9%8C%B2%E6%9B%B2/%E3%81%8A%E3%81%AB/Phoenix
GO MY WAY!!(達人譜面),568,117.0,4.846,180.01,180.01,https://wikiwiki.jp/taiko-fumen/%E5%8F%8E%E9%8C%B2%E6%9B%B2/%E3%81%8A%E3%81%AB/GO%20MY%20WAY%21%21
Kill My Fortune,627,130.0,4.815,180.0,180.0,https://wikiwiki.jp/taiko-fumen/%E5%8F%8E%E9%8C%B2%E6%9B%B2/%E3%81%8A%E3%81%AB/Kill%20My%20Fortune
二人の結晶-INNOCENCE-(裏譜面),554,115.15,4.802,167.0,167.0,https://wikiwiki.jp/taiko-fumen/%E5%8F%8E%E9%8C%B2%E6%9B%B2/%E3%81%8A%E3%81%AB/%E4%BA%8C%E4%BA%BA%E3%81%AE%E7%B5%90%E6%99%B6-INNOCENCE-%28%E8%A3%8F%E8%AD%9C%E9%9D%A2%29
アルカリレットウセイ,434,90.38,4.791,158.0,158.0,https://wikiwiki.jp/taiko-fumen/%E5%8F%8E%E9%8C%B2%E6%9B%B2/%E3%81%8A%E3%81%AB/%E3%82%A2%E3%83%AB%E3%82%AB%E3%83%AA%E3%83%AC%E3%83%83%E3%83%88%E3%82%A6%E3%82%BB%E3%82%A4
ゴーゴー・キッチン,558,116.36,4.787,206.0,206.0,https://wikiwiki.jp/taiko-fumen/%E5%8F%8E%E9%8C%B2%E6%9B%B2/%E3%81%8A%E3%81%AB/%E3%82%B4%E3%83%BC%E3%82%B4%E3%83%BC%E3%83%BB%E3%82%AD%E3%83%83%E3%83%81%E3%83%B3
神っぽいな,468,97.61,4.785,142.0,142.0,https://wikiwiki.jp/taiko-fumen/%E5%8F%8E%E9%8C%B2%E6%9B%B2/%E3%81%8A%E3%81%AB/%E7%A5%9E%E3%81%A3%E3%81%BD%E3%81%84%E3%81%AA
ミックスナッツ,412,85.99,4.78,150.01,150.01,https://wikiwiki.jp/taiko-fumen/%E5%8F%8E%E9%8C%B2%E6%9B%B2/%E3%81%8A%E3%81%AB/%E3%83%9F%E3%83%83%E3%82%AF%E3%82%B9%E3%83%8A%E3%83%83%E3%83%84
ねねねねねねねね!大爆走,451,94.24,4.775,170.0,170.0,https://wikiwiki.jp/taiko-fumen/%E5%8F%8E%E9%8C%B2%E6%9B%B2/%E3%81%8A%E3%81%AB/%E3%81%AD%E3%81%AD%E3%81%AD%E3%81%AD%E3%81%AD%E3%81%AD%E3%81%AD%E3%81%AD%21%E5%A4%A7%E7%88%86%E8%B5%B0
希望へのメロディー,672,140.74,4.768,162.0,162.0,https://wikiwiki.jp/taiko-fumen/%E5%8F%8E%E9%8C%B2%E6%9B%B2/%E3%81%8A%E3%81%AB/%E5%B8%8C%E6%9C%9B%E3%81%B8%E3%81%AE%E3%83%A1%E3%83%AD%E3%83%87%E3%82%A3%E3%83%BC
Jun Bride,539,112.85,4.767,165.62,165.62,https://wikiwiki.jp/taiko-fumen/%E5%8F%8E%E9%8C%B2%E6%9B%B2/%E3%81%8A%E3%81%AB/Jun%20Bride
3Q-4U-AC00,539,112.86,4.767,168.0,168.0,https://wikiwiki.jp/taiko-fumen/%E5%8F%8E%E9%8C%B2%E6%9B%B2/%E3%81%8A%E3%81%AB/3Q-4U-AC00
SORA-Ⅱ グリーゼ581,567,119.17,4.75,144.0,144.0,https://wikiwiki.jp/taiko-fumen/%E5%8F%8E%E9%8C%B2%E6%9B%B2/%E3%81%8A%E3%81%AB/SORA-II%20%E3%82%B0%E3%83%AA%E3%83%BC%E3%82%BC581
Many wow bang!(玄人譜面),455,95.71,4.744,134.0,134.0,https://wikiwiki.jp/taiko-fumen/%E5%8F%8E%E9%8C%B2%E6%9B%B2/%E3%81%8A%E3%81%AB/Many%20wow%20bang%21
ソウルキャリバーⅡ,471,99.19,4.738,150.02,150.02,https://wikiwiki.jp/taiko-fumen/%E5%8F%8E%E9%8C%B2%E6%9B%B2/%E3%81%8A%E3%81%AB/%E3%82%BD%E3%82%A6%E3%83%AB%E3%82%AD%E3%83%A3%E3%83%AA%E3%83%90%E3%83%BCII
スクロール・ミカ,765,161.35,4.735,150.05,150.05,https://wikiwiki.jp/taiko-fumen/%E5%8F%8E%E9%8C%B2%E6%9B%B2/%E3%81%8A%E3%81%AB/%E3%82%B9%E3%82%AF%E3%83%AD%E3%83%BC%E3%83%AB%E3%83%BB%E3%83%9F%E3%82%AB
千本桜,831,175.32,4.734,154.0,154.0,https://wikiwiki.jp/taiko-fumen/%E5%8F%8E%E9%8C%B2%E6%9B%B2/%E3%81%8A%E3%81%AB/%E5%8D%83%E6%9C%AC%E6%A1%9C
夏祭り / ジッタリン・ジン(達人譜面),578,121.91,4.733,238.69,238.69,https://wikiwiki.jp/taiko-fumen/%E5%8F%8E%E9%8C%B2%E6%9B%B2/%E3%81%8A%E3%81%AB/%E5%A4%8F%E7%A5%AD%E3%82%8A%20%EF%BC%8F%20%E3%82%B8%E3%83%83%E3%82%BF%E3%83%AA%E3%83%B3%E3%83%BB%E3%82%B8%E3%83%B3
白猫きゃらめる夢幻のわたあめ,634,133.75,4.733,144.0,144.0,https://wikiwiki.jp/taiko-fumen/%E5%8F%8E%E9%8C%B2%E6%9B%B2/%E3%81%8A%E3%81%AB/%E7%99%BD%E7%8C%AB%E3%81%8D%E3%82%83%E3%82%89%E3%82%81%E3%82%8B%E5%A4%A2%E5%B9%BB%E3%81%AE%E3%82%8F%E3%81%9F%E3%81%82%E3%82%81
サンバ アレグリーア,619,131.09,4.714,138.0,138.0,https://wikiwiki.jp/taiko-fumen/%E5%8F%8E%E9%8C%B2%E6%9B%B2/%E3%81%8A%E3%81%AB/%E3%82%B5%E3%83%B3%E3%83%90%20%E3%82%A2%E3%83%AC%E3%82%B0%E3%83%AA%E3%83%BC%E3%82%A2
花漾,453,95.89,4.714,140.0,140.0,https://wikiwiki.jp/taiko-fumen/%E5%8F%8E%E9%8C%B2%E6%9B%B2/%E3%81%8A%E3%81%AB/%E8%8A%B1%E6%BC%BE%20%EF%BD%9EFlourishing%20Blossoms%EF%BD%9E
第六感,540,114.4,4.711,134.0,134.0,https://wikiwiki.jp/taiko-fumen/%E5%8F%8E%E9%8C%B2%E6%9B%B2/%E3%81%8A%E3%81%AB/%E7%AC%AC%E5%85%AD%E6%84%9F
Emma,571,121.08,4.707,317.14,317.14,https://wikiwiki.jp/taiko-fumen/%E5%8F%8E%E9%8C%B2%E6%9B%B2/%E3%81%8A%E3%81%AB/Emma
春遊,572,121.5,4.7,140.0,140.0,https://wikiwiki.jp/taiko-fumen/%E5%8F%8E%E9%8C%B2%E6%9B%B2/%E3%81%8A%E3%81%AB/%E6%98%A5%E9%81%8A%20%EF%BD%9Ehappy%20excursion%EF%BD%9E
伝説の祭り,777,165.14,4.699,135.88,135.88,https://wikiwiki.jp/taiko-fumen/%E5%8F%8E%E9%8C%B2%E6%9B%B2/%E3%81%8A%E3%81%AB/%E4%BC%9D%E8%AA%AC%E3%81%AE%E7%A5%AD%E3%82%8A
ダン・ダン ドゥビ・ズバー！,384,81.56,4.696,160.0,160.0,https://wikiwiki.jp/taiko-fumen/%E5%8F%8E%E9%8C%B2%E6%9B%B2/%E3%81%8A%E3%81%AB/%E3%83%80%E3%83%B3%E3%83%BB%E3%83%80%E3%83%B3%20%E3%83%89%E3%82%A5%E3%83%93%E3%83%BB%E3%82%BA%E3%83%90%E3%83%BC%EF%BC%81
らいとにんぐ ぱっしょん,577,122.89,4.687,166.0,166.0,https://wikiwiki.jp/taiko-fumen/%E5%8F%8E%E9%8C%B2%E6%9B%B2/%E3%81%8A%E3%81%AB/%E3%82%89%E3%81%84%E3%81%A8%E3%81%AB%E3%82%93%E3%81%90%20%E3%81%B1%E3%81%A3%E3%81%97%E3%82%87%E3%82%93
地平線のエオリア,563,120.0,4.683,158.0,158.0,https://wikiwiki.jp/taiko-fumen/%E5%8F%8E%E9%8C%B2%E6%9B%B2/%E3%81%8A%E3%81%AB/%E5%9C%B0%E5%B9%B3%E7%B7%9A%E3%81%AE%E3%82%A8%E3%82%AA%E3%83%AA%E3%82%A2
私は最強,435,92.69,4.682,191.92,191.92,https://wikiwiki.jp/taiko-fumen/%E5%8F%8E%E9%8C%B2%E6%9B%B2/%E3%81%8A%E3%81%AB/%E7%A7%81%E3%81%AF%E6%9C%80%E5%BC%B7
Angelic Angel,554,118.32,4.674,159.99,159.99,https://wikiwiki.jp/taiko-fumen/%E5%8F%8E%E9%8C%B2%E6%9B%B2/%E3%81%8A%E3%81%AB/Angelic%20Angel
交響曲第7番から,541,115.86,4.661,150.18,150.18,https://wikiwiki.jp/taiko-fumen/%E5%8F%8E%E9%8C%B2%E6%9B%B2/%E3%81%8A%E3%81%AB/%E4%BA%A4%E9%9F%BF%E6%9B%B2%E7%AC%AC7%E7%95%AA%E3%81%8B%E3%82%89
夏祭り / ジッタリン・ジン(普通譜面),566,121.91,4.634,238.69,238.69,https://wikiwiki.jp/taiko-fumen/%E5%8F%8E%E9%8C%B2%E6%9B%B2/%E3%81%8A%E3%81%AB/%E5%A4%8F%E7%A5%AD%E3%82%8A%20%EF%BC%8F%20%E3%82%B8%E3%83%83%E3%82%BF%E3%83%AA%E3%83%B3%E3%83%BB%E3%82%B8%E3%83%B3
ファンタジーゾーン OPA-OPA！ ‐ GMT remix ‐,537,115.77,4.63,142.0,142.0,https://wikiwiki.jp/taiko-fumen/%E5%8F%8E%E9%8C%B2%E6%9B%B2/%E3%81%8A%E3%81%AB/%E3%83%95%E3%82%A1%E3%83%B3%E3%82%BF%E3%82%B8%E3%83%BC%E3%82%BE%E3%83%BC%E3%83%B3%20OPA-OPA%21%20-GMT%20remix-
シャイニング65,495,107.38,4.601,202.0,202.0,https://wikiwiki.jp/taiko-fumen/%E5%8F%8E%E9%8C%B2%E6%9B%B2/%E3%81%8A%E3%81%AB/%E3%82%B7%E3%83%A3%E3%82%A4%E3%83%8B%E3%83%B3%E3%82%B065
"IAM (feat. Shogo, Tsubasa)",591,128.26,4.6,138.0,138.0,https://wikiwiki.jp/taiko-fumen/%E5%8F%8E%E9%8C%B2%E6%9B%B2/%E3%81%8A%E3%81%AB/IAM%20%28feat.%20Shogo%2C%20Tsubasa%29
Walking Through The Towers,481,104.6,4.589,150.0,150.0,https://wikiwiki.jp/taiko-fumen/%E5%8F%8E%E9%8C%B2%E6%9B%B2/%E3%81%8A%E3%81%AB/Walking%20Through%20The%20Towers
Streamer,432,94.05,4.583,126.0,126.0,https://wikiwiki.jp/taiko-fumen/%E5%8F%8E%E9%8C%B2%E6%9B%B2/%E3%81%8A%E3%81%AB/Streamer
Realize,380,83.16,4.558,206.0,206.0,https://wikiwiki.jp/taiko-fumen/%E5%8F%8E%E9%8C%B2%E6%9B%B2/%E3%81%8A%E3%81%AB/Realize
ポニーテールとシュシュ,467,102.36,4.553,150.65,150.65,https://wikiwiki.jp/taiko-fumen/%E5%8F%8E%E9%8C%B2%E6%9B%B2/%E3%81%8A%E3%81%AB/%E3%83%9D%E3%83%8B%E3%83%BC%E3%83%86%E3%83%BC%E3%83%AB%E3%81%A8%E3%82%B7%E3%83%A5%E3%82%B7%E3%83%A5
睡蓮花,644,141.35,4.549,156.0,156.0,https://wikiwiki.jp/taiko-fumen/%E5%8F%8E%E9%8C%B2%E6%9B%B2/%E3%81%8A%E3%81%AB/%E7%9D%A1%E8%93%AE%E8%8A%B1
ドキドキ恋の予感 !?,473,103.82,4.546,165.0,165.0,https://wikiwiki.jp/taiko-fumen/%E5%8F%8E%E9%8C%B2%E6%9B%B2/%E3%81%8A%E3%81%AB/%E3%83%89%E3%82%AD%E3%83%89%E3%82%AD%E6%81%8B%E3%81%AE%E4%BA%88%E6%84%9F%EF%BC%81%EF%BC%9F
Holding Hands,397,87.12,4.545,146.0,146.0,https://wikiwiki.jp/taiko-fumen/%E5%8F%8E%E9%8C%B2%E6%9B%B2/%E3%81%8A%E3%81%AB/Holding%20Hands
オトナブルー,446,98.31,4.527,128.78,128.78,https://wikiwiki.jp/taiko-fumen/%E5%8F%8E%E9%8C%B2%E6%9B%B2/%E3%81%8A%E3%81%AB/%E3%82%AA%E3%83%88%E3%83%8A%E3%83%96%E3%83%AB%E3%83%BC
忍者は最高,604,133.3,4.524,176.0,176.0,https://wikiwiki.jp/taiko-fumen/%E5%8F%8E%E9%8C%B2%E6%9B%B2/%E3%81%8A%E3%81%AB/%E5%BF%8D%E8%80%85%E3%81%AF%E6%9C%80%E9%AB%98
ラッスンゴレライ,556,122.69,4.523,167.0,167.0,https://wikiwiki.jp/taiko-fumen/%E5%8F%8E%E9%8C%B2%E6%9B%B2/%E3%81%8A%E3%81%AB/%E3%83%A9%E3%83%83%E3%82%B9%E3%83%B3%E3%82%B4%E3%83%AC%E3%83%A9%E3%82%A4
White Rose Insanity,494,109.13,4.518,138.0,138.0,https://wikiwiki.jp/taiko-fumen/%E5%8F%8E%E9%8C%B2%E6%9B%B2/%E3%81%8A%E3%81%AB/White%20Rose%20Insanity
ロシア民謡メドレー,468,103.4,4.516,133.61,133.61,https://wikiwiki.jp/taiko-fumen/%E5%8F%8E%E9%8C%B2%E6%9B%B2/%E3%81%8A%E3%81%AB/%E3%83%AD%E3%82%B7%E3%82%A2%E6%B0%91%E8%AC%A1%E3%83%A1%E3%83%89%E3%83%AC%E3%83%BC
ラブリーX,509,112.61,4.511,134.0,134.0,https://wikiwiki.jp/taiko-fumen/%E5%8F%8E%E9%8C%B2%E6%9B%B2/%E3%81%8A%E3%81%AB/%E3%83%A9%E3%83%96%E3%83%AA%E3%83%BCX
ドラゴンボールヒーローズ ゴッドミッションシリーズ テーマソング,389,86.28,4.497,172.8,172.8,https://wikiwiki.jp/taiko-fumen/%E5%8F%8E%E9%8C%B2%E6%9B%B2/%E3%81%8A%E3%81%AB/%E3%83%89%E3%83%A9%E3%82%B4%E3%83%B3%E3%83%9C%E3%83%BC%E3%83%AB%E3%83%92%E3%83%BC%E3%83%AD%E3%83%BC%E3%82%BA%20%E3%82%B4%E3%83%83%E3%83%89%E3%83%9F%E3%83%83%E3%82%B7%E3%83%A7%E3%83%B3%E3%82%B7%E3%83%AA%E3%83%BC%E3%82%BA%20%E3%83%86%E3%83%BC%E3%83%9E%E3%82%BD%E3%83%B3%E3%82%B0
どんちゃん音頭,472,105.0,4.486,120.0,120.0,https://wikiwiki.jp/taiko-fumen/%E5%8F%8E%E9%8C%B2%E6%9B%B2/%E3%81%8A%E3%81%AB/%E3%81%A9%E3%82%93%E3%81%A1%E3%82%83%E3%82%93%E9%9F%B3%E9%A0%AD
ワンダーモモーイ(最多音符),572,127.48,4.479,174.97,174.97,https://wikiwiki.jp/taiko-fumen/%E5%8F%8E%E9%8C%B2%E6%9B%B2/%E3%81%8A%E3%81%AB/%E3%83%AF%E3%83%B3%E3%83%80%E3%83%BC%E3%83%A2%E3%83%A2%E3%83%BC%E3%82%A4
蝶戀,445,99.18,4.477,116.0,116.0,https://wikiwiki.jp/taiko-fumen/%E5%8F%8E%E9%8C%B2%E6%9B%B2/%E3%81%8A%E3%81%AB/%E8%9D%B6%E6%88%80%20%EF%BD%9EObsession%EF%BD%9E
ロキ,576,128.8,4.464,150.0,150.0,https://wikiwiki.jp/taiko-fumen/%E5%8F%8E%E9%8C%B2%E6%9B%B2/%E3%81%8A%E3%81%AB/%E3%83%AD%E3%82%AD
曙光,527,117.92,4.461,130.0,130.0,https://wikiwiki.jp/taiko-fumen/%E5%8F%8E%E9%8C%B2%E6%9B%B2/%E3%81%8A%E3%81%AB/%E6%9B%99%E5%85%89%20%EF%BD%9EDawn%EF%BD%9E
無慈悲な王,443,99.44,4.445,149.94,149.94,https://wikiwiki.jp/taiko-fumen/%E5%8F%8E%E9%8C%B2%E6%9B%B2/%E3%81%8A%E3%81%AB/%E7%84%A1%E6%85%88%E6%82%B2%E3%81%AA%E7%8E%8B
ドラゴンスピリットメドレー,671,150.86,4.441,175.0,175.0,https://wikiwiki.jp/taiko-fumen/%E5%8F%8E%E9%8C%B2%E6%9B%B2/%E3%81%8A%E3%81%AB/%E3%83%89%E3%83%A9%E3%82%B4%E3%83%B3%E3%82%B9%E3%83%94%E3%83%AA%E3%83%83%E3%83%88%E3%83%A1%E3%83%89%E3%83%AC%E3%83%BC
GO MY WAY!!(玄人譜面),519,117.0,4.428,180.01,180.01,https://wikiwiki.jp/taiko-fumen/%E5%8F%8E%E9%8C%B2%E6%9B%B2/%E3%81%8A%E3%81%AB/GO%20MY%20WAY%21%21
命に嫌われている。,379,86.1,4.39,189.55,189.55,https://wikiwiki.jp/taiko-fumen/%E5%8F%8E%E9%8C%B2%E6%9B%B2/%E3%81%8A%E3%81%AB/%E5%91%BD%E3%81%AB%E5%AB%8C%E3%82%8F%E3%82%8C%E3%81%A6%E3%81%84%E3%82%8B%E3%80%82
メタナイトの逆襲メドレー,655,149.02,4.389,175.95,175.95,https://wikiwiki.jp/taiko-fumen/%E5%8F%8E%E9%8C%B2%E6%9B%B2/%E3%81%8A%E3%81%AB/%E3%83%A1%E3%82%BF%E3%83%8A%E3%82%A4%E3%83%88%E3%81%AE%E9%80%86%E8%A5%B2%E3%83%A1%E3%83%89%E3%83%AC%E3%83%BC
+♂(プラス男子),583,133.0,4.376,180.0,180.0,https://wikiwiki.jp/taiko-fumen/%E5%8F%8E%E9%8C%B2%E6%9B%B2/%E3%81%8A%E3%81%AB/%EF%BC%8B%E2%99%82%28%E3%83%97%E3%83%A9%E3%82%B9%E7%94%B7%E5%AD%90%29
アメリカンパトロール,415,94.7,4.372,200.0,200.0,https://wikiwiki.jp/taiko-fumen/%E5%8F%8E%E9%8C%B2%E6%9B%B2/%E3%81%8A%E3%81%AB/%E3%82%A2%E3%83%A1%E3%83%AA%E3%82%AB%E3%83%B3%E3%83%91%E3%83%88%E3%83%AD%E3%83%BC%E3%83%AB
カルメン 組曲一番終曲,518,118.51,4.363,119.99,119.99,https://wikiwiki.jp/taiko-fumen/%E5%8F%8E%E9%8C%B2%E6%9B%B2/%E3%81%8A%E3%81%AB/%E3%82%AB%E3%83%AB%E3%83%A1%E3%83%B3%E7%B5%84%E6%9B%B2%E4%B8%80%E7%95%AA%E7%B5%82%E6%9B%B2
Many wow bang!(普通譜面),418,95.71,4.357,134.0,134.0,https://wikiwiki.jp/taiko-fumen/%E5%8F%8E%E9%8C%B2%E6%9B%B2/%E3%81%8A%E3%81%AB/Many%20wow%20bang%21
シンデレラ,661,151.52,4.356,158.0,158.0,https://wikiwiki.jp/taiko-fumen/%E5%8F%8E%E9%8C%B2%E6%9B%B2/%E3%81%8A%E3%81%AB/%E3%82%B7%E3%83%B3%E3%83%87%E3%83%AC%E3%83%A9
恋の処方箋,361,82.86,4.344,185.0,185.0,https://wikiwiki.jp/taiko-fumen/%E5%8F%8E%E9%8C%B2%E6%9B%B2/%E3%81%8A%E3%81%AB/%E6%81%8B%E3%81%AE%E5%87%A6%E6%96%B9%E7%AE%8B
Ahoy!! 我ら宝鐘海賊団☆,428,98.82,4.321,170.0,170.0,https://wikiwiki.jp/taiko-fumen/%E5%8F%8E%E9%8C%B2%E6%9B%B2/%E3%81%8A%E3%81%AB/Ahoy%21%21%20%E6%88%91%E3%82%89%E5%AE%9D%E9%90%98%E6%B5%B7%E8%B3%8A%E5%9B%A3%E2%98%86
ワンダーモモーイ(達人譜面),550,127.48,4.307,174.97,174.97,https://wikiwiki.jp/taiko-fumen/%E5%8F%8E%E9%8C%B2%E6%9B%B2/%E3%81%8A%E3%81%AB/%E3%83%AF%E3%83%B3%E3%83%80%E3%83%BC%E3%83%A2%E3%83%A2%E3%83%BC%E3%82%A4
いろはすてっぷ！,536,124.42,4.3,156.0,156.0,https://wikiwiki.jp/taiko-fumen/%E5%8F%8E%E9%8C%B2%E6%9B%B2/%E3%81%8A%E3%81%AB/%E3%81%84%E3%82%8D%E3%81%AF%E3%81%99%E3%81%A6%E3%81%A3%E3%81%B7%EF%BC%81
零 -ZERO-,498,116.18,4.278,157.78,157.78,https://wikiwiki.jp/taiko-fumen/%E5%8F%8E%E9%8C%B2%E6%9B%B2/%E3%81%8A%E3%81%AB/%E9%9B%B6%20-ZERO-
アンビバレント,390,91.04,4.273,130.0,130.0,https://wikiwiki.jp/taiko-fumen/%E5%8F%8E%E9%8C%B2%E6%9B%B2/%E3%81%8A%E3%81%AB/%E3%82%A2%E3%83%B3%E3%83%93%E3%83%90%E3%83%AC%E3%83%B3%E3%83%88
フォニイ,574,134.12,4.272,170.0,170.0,https://wikiwiki.jp/taiko-fumen/%E5%8F%8E%E9%8C%B2%E6%9B%B2/%E3%81%8A%E3%81%AB/%E3%83%95%E3%82%A9%E3%83%8B%E3%82%A4
YouTubeテーマソング,455,106.88,4.248,128.0,128.0,https://wikiwiki.jp/taiko-fumen/%E5%8F%8E%E9%8C%B2%E6%9B%B2/%E3%81%8A%E3%81%AB/YouTube%E3%83%86%E3%83%BC%E3%83%9E%E3%82%BD%E3%83%B3%E3%82%B0
Crush (Prod. SHOW),502,118.15,4.24,130.0,130.0,https://wikiwiki.jp/taiko-fumen/%E5%8F%8E%E9%8C%B2%E6%9B%B2/%E3%81%8A%E3%81%AB/Crush%20%28Prod.%20SHOW%29
ソードバトラーズ,414,97.6,4.232,150.0,150.0,https://wikiwiki.jp/taiko-fumen/%E5%8F%8E%E9%8C%B2%E6%9B%B2/%E3%81%8A%E3%81%AB/%E3%82%BD%E3%83%BC%E3%83%89%E3%83%90%E3%83%88%E3%83%A9%E3%83%BC%E3%82%BA
どんちゃん 世界旅行(達人譜面),573,135.43,4.223,138.0,138.0,https://wikiwiki.jp/taiko-fumen/%E5%8F%8E%E9%8C%B2%E6%9B%B2/%E3%81%8A%E3%81%AB/%E3%81%A9%E3%82%93%E3%81%A1%E3%82%83%E3%82%93%20%E4%B8%96%E7%95%8C%E6%97%85%E8%A1%8C
1・2・さんしのでドンドカッカッ！,511,120.85,4.22,142.0,142.0,https://wikiwiki.jp/taiko-fumen/%E5%8F%8E%E9%8C%B2%E6%9B%B2/%E3%81%8A%E3%81%AB/1%E3%83%BB2%E3%83%BB%E3%81%95%E3%82%93%E3%81%97%E3%81%AE%E3%81%A7%E3%83%89%E3%83%B3%E3%83%89%E3%82%AB%E3%83%83%E3%82%AB%E3%83%83%EF%BC%81
残酷な天使のテーゼ(達人譜面)/(玄人譜面),345,81.8,4.206,122.32,122.32,https://wikiwiki.jp/taiko-fumen/%E5%8F%8E%E9%8C%B2%E6%9B%B2/%E3%81%8A%E3%81%AB/%E6%AE%8B%E9%85%B7%E3%81%AA%E5%A4%A9%E4%BD%BF%E3%81%AE%E3%83%86%E3%83%BC%E3%82%BC
それは僕たちの奇跡,377,89.5,4.201,180.0,180.0,https://wikiwiki.jp/taiko-fumen/%E5%8F%8E%E9%8C%B2%E6%9B%B2/%E3%81%8A%E3%81%AB/%E3%81%9D%E3%82%8C%E3%81%AF%E5%83%95%E3%81%9F%E3%81%A1%E3%81%AE%E5%A5%87%E8%B7%A1
未来への鍵,468,111.71,4.18,105.0,105.0,https://wikiwiki.jp/taiko-fumen/%E5%8F%8E%E9%8C%B2%E6%9B%B2/%E3%81%8A%E3%81%AB/%E6%9C%AA%E6%9D%A5%E3%81%B8%E3%81%AE%E9%8D%B5
カゲロウデイズ,480,114.59,4.18,200.01,200.01,https://wikiwiki.jp/taiko-fumen/%E5%8F%8E%E9%8C%B2%E6%9B%B2/%E3%81%8A%E3%81%AB/%E3%82%AB%E3%82%B2%E3%83%AD%E3%82%A6%E3%83%87%E3%82%A4%E3%82%BA
Make debut!,351,84.0,4.167,175.0,175.0,https://wikiwiki.jp/taiko-fumen/%E5%8F%8E%E9%8C%B2%E6%9B%B2/%E3%81%8A%E3%81%AB/Make%20debut%21
新時代,542,130.02,4.161,164.74,164.74,https://wikiwiki.jp/taiko-fumen/%E5%8F%8E%E9%8C%B2%E6%9B%B2/%E3%81%8A%E3%81%AB/%E6%96%B0%E6%99%82%E4%BB%A3
ワンダーモモーイ(玄人譜面),530,127.48,4.15,174.97,174.97,https://wikiwiki.jp/taiko-fumen/%E5%8F%8E%E9%8C%B2%E6%9B%B2/%E3%81%8A%E3%81%AB/%E3%83%AF%E3%83%B3%E3%83%80%E3%83%BC%E3%83%A2%E3%83%A2%E3%83%BC%E3%82%A4
Highschool love!,387,93.04,4.149,138.0,138.0,https://wikiwiki.jp/taiko-fumen/%E5%8F%8E%E9%8C%B2%E6%9B%B2/%E3%81%8A%E3%81%AB/Highschool%20love%21
未来コネクション,330,79.51,4.138,143.0,143.0,https://wikiwiki.jp/taiko-fumen/%E5%8F%8E%E9%8C%B2%E6%9B%B2/%E3%81%8A%E3%81%AB/%E6%9C%AA%E6%9D%A5%E3%82%B3%E3%83%8D%E3%82%AF%E3%82%B7%E3%83%A7%E3%83%B3
残酷な天使のテーゼ(普通譜面),337,81.8,4.108,122.32,122.32,https://wikiwiki.jp/taiko-fumen/%E5%8F%8E%E9%8C%B2%E6%9B%B2/%E3%81%8A%E3%81%AB/%E6%AE%8B%E9%85%B7%E3%81%AA%E5%A4%A9%E4%BD%BF%E3%81%AE%E3%83%86%E3%83%BC%E3%82%BC
風雲！バチお先生,476,115.82,4.101,130.03,130.03,https://wikiwiki.jp/taiko-fumen/%E5%8F%8E%E9%8C%B2%E6%9B%B2/%E3%81%8A%E3%81%AB/%E9%A2%A8%E9%9B%B2%EF%BC%81%E3%83%90%E3%83%81%E3%81%8A%E5%85%88%E7%94%9F
うさぎのしっぽ,521,127.06,4.093,170.0,170.0,https://wikiwiki.jp/taiko-fumen/%E5%8F%8E%E9%8C%B2%E6%9B%B2/%E3%81%8A%E3%81%AB/%E3%81%86%E3%81%95%E3%81%8E%E3%81%AE%E3%81%97%E3%81%A3%E3%81%BD
Grip & Break down !! ‐達人Edit.‐,495,121.5,4.066,160.0,160.0,https://wikiwiki.jp/taiko-fumen/%E5%8F%8E%E9%8C%B2%E6%9B%B2/%E3%81%8A%E3%81%AB/Grip%20%EF%BC%86%20Break%20down%20%21%21%20-%E9%81%94%E4%BA%BAEdit.-
おさかな毎日！さかなクン,340,83.39,4.065,123.04,123.04,https://wikiwiki.jp/taiko-fumen/%E5%8F%8E%E9%8C%B2%E6%9B%B2/%E3%81%8A%E3%81%AB/%E3%81%8A%E3%81%95%E3%81%8B%E3%81%AA%E6%AF%8E%E6%97%A5%EF%BC%81%E3%81%95%E3%81%8B%E3%81%AA%E3%82%AF%E3%83%B3
メカデス。,483,118.75,4.059,160.0,160.0,https://wikiwiki.jp/taiko-fumen/%E5%8F%8E%E9%8C%B2%E6%9B%B2/%E3%81%8A%E3%81%AB/%E3%83%A1%E3%82%AB%E3%83%87%E3%82%B9%E3%80%82
DRIVE A LIVE,456,112.29,4.052,140.0,140.0,https://wikiwiki.jp/taiko-fumen/%E5%8F%8E%E9%8C%B2%E6%9B%B2/%E3%81%8A%E3%81%AB/DRIVE%20A%20LIVE
ゲラゲラポーのうた,329,81.0,4.049,120.0,120.0,https://wikiwiki.jp/taiko-fumen/%E5%8F%8E%E9%8C%B2%E6%9B%B2/%E3%81%8A%E3%81%AB/%E3%82%B2%E3%83%A9%E3%82%B2%E3%83%A9%E3%83%9D%E3%83%BC%E3%81%AE%E3%81%86%E3%81%9F
good night baby (feat. Moe Shop),405,99.84,4.046,125.0,125.0,https://wikiwiki.jp/taiko-fumen/%E5%8F%8E%E9%8C%B2%E6%9B%B2/%E3%81%8A%E3%81%AB/good%20night%20baby%20%28feat.%20Moe%20Shop%29
shiny smile(裏譜面),475,117.18,4.045,170.0,170.0,https://wikiwiki.jp/taiko-fumen/%E5%8F%8E%E9%8C%B2%E6%9B%B2/%E3%81%8A%E3%81%AB/shiny%20smile%28%E8%A3%8F%E8%AD%9C%E9%9D%A2%29
オールナイトdeインデナイ,555,137.45,4.031,110.01,110.01,https://wikiwiki.jp/taiko-fumen/%E5%8F%8E%E9%8C%B2%E6%9B%B2/%E3%81%8A%E3%81%AB/%E3%82%AA%E3%83%BC%E3%83%AB%E3%83%8A%E3%82%A4%E3%83%88de%E3%82%A4%E3%83%B3%E3%83%87%E3%83%8A%E3%82%A4
Aloft in the wind,441,109.25,4.027,201.0,201.0,https://wikiwiki.jp/taiko-fumen/%E5%8F%8E%E9%8C%B2%E6%9B%B2/%E3%81%8A%E3%81%AB/Aloft%20in%20the%20wind
恋するフォーチュンクッキー,529,131.31,4.021,122.0,122.0,https://wikiwiki.jp/taiko-fumen/%E5%8F%8E%E9%8C%B2%E6%9B%B2/%E3%81%8A%E3%81%AB/%E6%81%8B%E3%81%99%E3%82%8B%E3%83%95%E3%82%A9%E3%83%BC%E3%83%81%E3%83%A5%E3%83%B3%E3%82%AF%E3%83%83%E3%82%AD%E3%83%BC
サタデー太鼓フィーバー,437,108.69,4.011,130.0,130.0,https://wikiwiki.jp/taiko-fumen/%E5%8F%8E%E9%8C%B2%E6%9B%B2/%E3%81%8A%E3%81%AB/%E3%82%B5%E3%82%BF%E3%83%87%E3%83%BC%E5%A4%AA%E9%BC%93%E3%83%95%E3%82%A3%E3%83%BC%E3%83%90%E3%83%BC
ミュートすればいいじゃん。,527,131.7,3.994,182.0,182.0,https://wikiwiki.jp/taiko-fumen/%E5%8F%8E%E9%8C%B2%E6%9B%B2/%E3%81%8A%E3%81%AB/%E3%83%9F%E3%83%A5%E3%83%BC%E3%83%88%E3%81%99%E3%82%8C%E3%81%B0%E3%81%84%E3%81%84%E3%81%98%E3%82%83%E3%82%93%E3%80%82
"Hello, Worldooon!!",494,123.75,3.984,256.0,256.0,https://wikiwiki.jp/taiko-fumen/%E5%8F%8E%E9%8C%B2%E6%9B%B2/%E3%81%8A%E3%81%AB/Hello%2C%20Worldooon%21%21
ユウガオノキミ,480,120.47,3.976,128.0,128.0,https://wikiwiki.jp/taiko-fumen/%E5%8F%8E%E9%8C%B2%E6%9B%B2/%E3%81%8A%E3%81%AB/%E3%83%A6%E3%82%A6%E3%82%AC%E3%82%AA%E3%83%8E%E3%82%AD%E3%83%9F
なんどでも笑おう,515,129.29,3.976,162.29,162.29,https://wikiwiki.jp/taiko-fumen/%E5%8F%8E%E9%8C%B2%E6%9B%B2/%E3%81%8A%E3%81%AB/%E3%81%AA%E3%82%93%E3%81%A9%E3%81%A7%E3%82%82%E7%AC%91%E3%81%8A%E3%81%86
Sugar,412,103.5,3.971,120.0,120.0,https://wikiwiki.jp/taiko-fumen/%E5%8F%8E%E9%8C%B2%E6%9B%B2/%E3%81%8A%E3%81%AB/Sugar
黒神クロニクル,567,142.74,3.965,124.0,124.0,https://wikiwiki.jp/taiko-fumen/%E5%8F%8E%E9%8C%B2%E6%9B%B2/%E3%81%8A%E3%81%AB/%E9%BB%92%E7%A5%9E%E3%82%AF%E3%83%AD%E3%83%8B%E3%82%AF%E3%83%AB
オーバード,441,111.0,3.964,130.0,130.0,https://wikiwiki.jp/taiko-fumen/%E5%8F%8E%E9%8C%B2%E6%9B%B2/%E3%81%8A%E3%81%AB/%E3%82%AA%E3%83%BC%E3%83%90%E3%83%BC%E3%83%89
いぬのおまわりさん,328,82.5,3.964,112.0,112.0,https://wikiwiki.jp/taiko-fumen/%E5%8F%8E%E9%8C%B2%E6%9B%B2/%E3%81%8A%E3%81%AB/%E3%81%84%E3%81%AC%E3%81%AE%E3%81%8A%E3%81%BE%E3%82%8F%E3%82%8A%E3%81%95%E3%82%93
DREAMERS' PARADISE,488,123.1,3.956,126.0,126.0,https://wikiwiki.jp/taiko-fumen/%E5%8F%8E%E9%8C%B2%E6%9B%B2/%E3%81%8A%E3%81%AB/DREAMERS%27%20PARADISE
ウィリアム・テル序曲,437,110.52,3.945,152.01,152.01,https://wikiwiki.jp/taiko-fumen/%E5%8F%8E%E9%8C%B2%E6%9B%B2/%E3%81%8A%E3%81%AB/%E3%82%A6%E3%82%A3%E3%83%AA%E3%82%A2%E3%83%A0%E3%83%BB%E3%83%86%E3%83%AB%E5%BA%8F%E6%9B%B2
JOIN US,420,106.8,3.923,132.03,132.03,https://wikiwiki.jp/taiko-fumen/%E5%8F%8E%E9%8C%B2%E6%9B%B2/%E3%81%8A%E3%81%AB/JOIN%20US
GERMINATION,616,156.93,3.919,183.52,183.52,https://wikiwiki.jp/taiko-fumen/%E5%8F%8E%E9%8C%B2%E6%9B%B2/%E3%81%8A%E3%81%AB/GERMINATION
ウルトラマンX,552,140.68,3.917,148.0,148.0,https://wikiwiki.jp/taiko-fumen/%E5%8F%8E%E9%8C%B2%E6%9B%B2/%E3%81%8A%E3%81%AB/%E3%82%A6%E3%83%AB%E3%83%88%E3%83%A9%E3%83%9E%E3%83%B3X
人のお金で焼肉を食したい！,498,126.89,3.917,148.0,148.0,https://wikiwiki.jp/taiko-fumen/%E5%8F%8E%E9%8C%B2%E6%9B%B2/%E3%81%8A%E3%81%AB/%E4%BA%BA%E3%81%AE%E3%81%8A%E9%87%91%E3%81%A7%E7%84%BC%E8%82%89%E3%82%92%E9%A3%9F%E3%81%97%E3%81%9F%E3%81%84%EF%BC%81
平等院鳳凰ドン vs 鳥獣戯カッ,555,141.56,3.914,173.01,173.01,https://wikiwiki.jp/taiko-fumen/%E5%8F%8E%E9%8C%B2%E6%9B%B2/%E3%81%8A%E3%81%AB/%E5%B9%B3%E7%AD%89%E9%99%A2%E9%B3%B3%E5%87%B0%E3%83%89%E3%83%B3%20vs%20%E9%B3%A5%E7%8D%A3%E6%88%AF%E3%82%AB%E3%83%83
DDU-DU DDU-DU,348,88.71,3.911,140.0,140.0,https://wikiwiki.jp/taiko-fumen/%E5%8F%8E%E9%8C%B2%E6%9B%B2/%E3%81%8A%E3%81%AB/DDU-DU%20DDU-DU
願いはエスペラント,507,129.62,3.904,170.0,170.0,https://wikiwiki.jp/taiko-fumen/%E5%8F%8E%E9%8C%B2%E6%9B%B2/%E3%81%8A%E3%81%AB/%E9%A1%98%E3%81%84%E3%81%AF%E3%82%A8%E3%82%B9%E3%83%9A%E3%83%A9%E3%83%B3%E3%83%88
God knows...,580,149.58,3.871,150.02,150.02,https://wikiwiki.jp/taiko-fumen/%E5%8F%8E%E9%8C%B2%E6%9B%B2/%E3%81%8A%E3%81%AB/God%20knows...
GO MY WAY!!(普通譜面),453,117.0,3.863,180.01,180.01,https://wikiwiki.jp/taiko-fumen/%E5%8F%8E%E9%8C%B2%E6%9B%B2/%E3%81%8A%E3%81%AB/GO%20MY%20WAY%21%21
フリフリ♪ノリノリ♪,386,99.68,3.862,190.0,190.0,https://wikiwiki.jp/taiko-fumen/%E5%8F%8E%E9%8C%B2%E6%9B%B2/%E3%81%8A%E3%81%AB/%E3%83%95%E3%83%AA%E3%83%95%E3%83%AA%E2%99%AA%E3%83%8E%E3%83%AA%E3%83%8E%E3%83%AA%E2%99%AA
七彩ボタン,455,117.89,3.851,128.0,128.0,https://wikiwiki.jp/taiko-fumen/%E5%8F%8E%E9%8C%B2%E6%9B%B2/%E3%81%8A%E3%81%AB/%E4%B8%83%E5%BD%A9%E3%83%9C%E3%82%BF%E3%83%B3
世界はいつでもミステリー,365,94.71,3.843,140.0,140.0,https://wikiwiki.jp/taiko-fumen/%E5%8F%8E%E9%8C%B2%E6%9B%B2/%E3%81%8A%E3%81%AB/%E4%B8%96%E7%95%8C%E3%81%AF%E3%81%84%E3%81%A4%E3%81%A7%E3%82%82%E3%83%9F%E3%82%B9%E3%83%86%E3%83%AA%E3%83%BC
ファッションモンスター,374,97.12,3.841,160.01,160.01,https://wikiwiki.jp/taiko-fumen/%E5%8F%8E%E9%8C%B2%E6%9B%B2/%E3%81%8A%E3%81%AB/%E3%83%95%E3%82%A1%E3%83%83%E3%82%B7%E3%83%A7%E3%83%B3%E3%83%A2%E3%83%B3%E3%82%B9%E3%82%BF%E3%83%BC
どんちゃん 世界旅行(玄人譜面),521,135.43,3.839,138.0,138.0,https://wikiwiki.jp/taiko-fumen/%E5%8F%8E%E9%8C%B2%E6%9B%B2/%E3%81%8A%E3%81%AB/%E3%81%A9%E3%82%93%E3%81%A1%E3%82%83%E3%82%93%20%E4%B8%96%E7%95%8C%E6%97%85%E8%A1%8C
ワンダーモモーイ(普通譜面),490,127.48,3.836,174.97,174.97,https://wikiwiki.jp/taiko-fumen/%E5%8F%8E%E9%8C%B2%E6%9B%B2/%E3%81%8A%E3%81%AB/%E3%83%AF%E3%83%B3%E3%83%80%E3%83%BC%E3%83%A2%E3%83%A2%E3%83%BC%E3%82%A4
シンクロニシティ,407,105.88,3.834,136.0,136.0,https://wikiwiki.jp/taiko-fumen/%E5%8F%8E%E9%8C%B2%E6%9B%B2/%E3%81%8A%E3%81%AB/%E3%82%B7%E3%83%B3%E3%82%AF%E3%83%AD%E3%83%8B%E3%82%B7%E3%83%86%E3%82%A3
祭り囃子でゲラゲラポー,292,76.17,3.82,128.0,128.0,https://wikiwiki.jp/taiko-fumen/%E5%8F%8E%E9%8C%B2%E6%9B%B2/%E3%81%8A%E3%81%AB/%E7%A5%AD%E3%82%8A%E5%9B%83%E5%AD%90%E3%81%A7%E3%82%B2%E3%83%A9%E3%82%B2%E3%83%A9%E3%83%9D%E3%83%BC
チェインクロニクル 総力戦メドレー,425,111.08,3.817,145.97,145.97,https://wikiwiki.jp/taiko-fumen/%E5%8F%8E%E9%8C%B2%E6%9B%B2/%E3%81%8A%E3%81%AB/%E3%83%81%E3%82%A7%E3%82%A4%E3%83%B3%E3%82%AF%E3%83%AD%E3%83%8B%E3%82%AF%E3%83%AB%20%E7%B7%8F%E5%8A%9B%E6%88%A6%E3%83%A1%E3%83%89%E3%83%AC%E3%83%BC
わたしの一番かわいいところ,357,93.28,3.816,128.0,128.0,https://wikiwiki.jp/taiko-fumen/%E5%8F%8E%E9%8C%B2%E6%9B%B2/%E3%81%8A%E3%81%AB/%E3%82%8F%E3%81%9F%E3%81%97%E3%81%AE%E4%B8%80%E7%95%AA%E3%81%8B%E3%82%8F%E3%81%84%E3%81%84%E3%81%A8%E3%81%93%E3%82%8D
STAY TUNE,417,109.17,3.811,123.11,123.11,https://wikiwiki.jp/taiko-fumen/%E5%8F%8E%E9%8C%B2%E6%9B%B2/%E3%81%8A%E3%81%AB/STAY%20TUNE
さちさちにしてあげる♪,366,95.81,3.81,160.0,160.0,https://wikiwiki.jp/taiko-fumen/%E5%8F%8E%E9%8C%B2%E6%9B%B2/%E3%81%8A%E3%81%AB/%E3%81%95%E3%81%A1%E3%81%95%E3%81%A1%E3%81%AB%E3%81%97%E3%81%A6%E3%81%82%E3%81%92%E3%82%8B%E2%99%AA
恋はみずいろ,350,91.75,3.804,154.0,154.0,https://wikiwiki.jp/taiko-fumen/%E5%8F%8E%E9%8C%B2%E6%9B%B2/%E3%81%8A%E3%81%AB/%E6%81%8B%E3%81%AF%E3%81%BF%E3%81%9A%E3%81%84%E3%82%8D
bad guy,389,102.11,3.8,132.8,132.8,https://wikiwiki.jp/taiko-fumen/%E5%8F%8E%E9%8C%B2%E6%9B%B2/%E3%81%8A%E3%81%AB/bad%20guy
季曲,536,140.8,3.8,150.0,150.0,https://wikiwiki.jp/taiko-fumen/%E5%8F%8E%E9%8C%B2%E6%9B%B2/%E3%81%8A%E3%81%AB/%E5%AD%A3%E6%9B%B2%20%EF%BD%9ESeasons%20of%20Asia%EF%BD%9E
スプラトゥーン2 メドレー,441,115.84,3.798,170.15,170.15,https://wikiwiki.jp/taiko-fumen/%E5%8F%8E%E9%8C%B2%E6%9B%B2/%E3%81%8A%E3%81%AB/%E3%82%B9%E3%83%97%E3%83%A9%E3%83%88%E3%82%A5%E3%83%BC%E3%83%B32%20%E3%83%A1%E3%83%89%E3%83%AC%E3%83%BC
蛻変,471,124.0,3.79,120.0,120.0,https://wikiwiki.jp/taiko-fumen/%E5%8F%8E%E9%8C%B2%E6%9B%B2/%E3%81%8A%E3%81%AB/%E8%9B%BB%E5%A4%89%20%EF%BD%9Etransformation%EF%BD%9E
あんずのうた(達人譜面),526,140.54,3.736,195.0,195.0,https://wikiwiki.jp/taiko-fumen/%E5%8F%8E%E9%8C%B2%E6%9B%B2/%E3%81%8A%E3%81%AB/%E3%81%82%E3%82%93%E3%81%9A%E3%81%AE%E3%81%86%E3%81%9F
ごめんなさいのKissing You,336,90.0,3.722,143.0,143.0,https://wikiwiki.jp/taiko-fumen/%E5%8F%8E%E9%8C%B2%E6%9B%B2/%E3%81%8A%E3%81%AB/%E3%81%94%E3%82%81%E3%82%93%E3%81%AA%E3%81%95%E3%81%84%E3%81%AEKissing%20You
カンタービレ×パッシオーネ,509,136.5,3.722,160.0,160.0,https://wikiwiki.jp/taiko-fumen/%E5%8F%8E%E9%8C%B2%E6%9B%B2/%E3%81%8A%E3%81%AB/%E3%82%AB%E3%83%B3%E3%82%BF%E3%83%BC%E3%83%93%E3%83%AC%C3%97%E3%83%91%E3%83%83%E3%82%B7%E3%82%AA%E3%83%BC%E3%83%8D
魔法をかけて！,444,119.4,3.71,150.0,150.0,https://wikiwiki.jp/taiko-fumen/%E5%8F%8E%E9%8C%B2%E6%9B%B2/%E3%81%8A%E3%81%AB/%E9%AD%94%E6%B3%95%E3%82%92%E3%81%8B%E3%81%91%E3%81%A6%EF%BC%81
レイン,299,80.84,3.686,95.0,95.0,https://wikiwiki.jp/taiko-fumen/%E5%8F%8E%E9%8C%B2%E6%9B%B2/%E3%81%8A%E3%81%AB/%E3%83%AC%E3%82%A4%E3%83%B3
くらべられっ子,469,127.11,3.682,194.0,194.0,https://wikiwiki.jp/taiko-fumen/%E5%8F%8E%E9%8C%B2%E6%9B%B2/%E3%81%8A%E3%81%AB/%E3%81%8F%E3%82%89%E3%81%B9%E3%82%89%E3%82%8C%E3%81%A3%E5%AD%90
お願い！シンデレラ,419,113.66,3.678,175.0,175.0,https://wikiwiki.jp/taiko-fumen/%E5%8F%8E%E9%8C%B2%E6%9B%B2/%E3%81%8A%E3%81%AB/%E3%81%8A%E9%A1%98%E3%81%84%EF%BC%81%E3%82%B7%E3%83%B3%E3%83%87%E3%83%AC%E3%83%A9
どんちゃん 世界旅行(普通譜面),493,135.43,3.633,138.0,138.0,https://wikiwiki.jp/taiko-fumen/%E5%8F%8E%E9%8C%B2%E6%9B%B2/%E3%81%8A%E3%81%AB/%E3%81%A9%E3%82%93%E3%81%A1%E3%82%83%E3%82%93%20%E4%B8%96%E7%95%8C%E6%97%85%E8%A1%8C
綻放,445,122.45,3.626,171.99,171.99,https://wikiwiki.jp/taiko-fumen/%E5%8F%8E%E9%8C%B2%E6%9B%B2/%E3%81%8A%E3%81%AB/%E7%B6%BB%E6%94%BE%20%EF%BD%9EBlooming%EF%BD%9E
僕らの世界にダンスを,266,73.38,3.611,130.0,130.0,https://wikiwiki.jp/taiko-fumen/%E5%8F%8E%E9%8C%B2%E6%9B%B2/%E3%81%8A%E3%81%AB/%E5%83%95%E3%82%89%E3%81%AE%E4%B8%96%E7%95%8C%E3%81%AB%E3%83%80%E3%83%B3%E3%82%B9%E3%82%92
太鼓のマーチ,553,154.21,3.579,145.0,145.0,https://wikiwiki.jp/taiko-fumen/%E5%8F%8E%E9%8C%B2%E6%9B%B2/%E3%81%8A%E3%81%AB/%E5%A4%AA%E9%BC%93%E3%81%AE%E3%83%9E%E3%83%BC%E3%83%81
テルミン狂想曲,401,112.25,3.563,127.08,127.08,https://wikiwiki.jp/taiko-fumen/%E5%8F%8E%E9%8C%B2%E6%9B%B2/%E3%81%8A%E3%81%AB/%E3%83%86%E3%83%AB%E3%83%9F%E3%83%B3%E7%8B%82%E6%83%B3%E6%9B%B2
それが大事,471,132.1,3.558,119.0,119.0,https://wikiwiki.jp/taiko-fumen/%E5%8F%8E%E9%8C%B2%E6%9B%B2/%E3%81%8A%E3%81%AB/%E3%81%9D%E3%82%8C%E3%81%8C%E5%A4%A7%E4%BA%8B
シンフォニック ドルアーガ,420,120.13,3.488,126.36,126.36,https://wikiwiki.jp/taiko-fumen/%E5%8F%8E%E9%8C%B2%E6%9B%B2/%E3%81%8A%E3%81%AB/%E3%82%B7%E3%83%B3%E3%83%95%E3%82%A9%E3%83%8B%E3%83%83%E3%82%AF%20%E3%83%89%E3%83%AB%E3%82%A2%E3%83%BC%E3%82%AC
Habit,384,109.83,3.487,118.0,118.0,https://wikiwiki.jp/taiko-fumen/%E5%8F%8E%E9%8C%B2%E6%9B%B2/%E3%81%8A%E3%81%AB/Habit
Hope,311,88.98,3.484,139.93,139.93,https://wikiwiki.jp/taiko-fumen/%E5%8F%8E%E9%8C%B2%E6%9B%B2/%E3%81%8A%E3%81%AB/Hope
初恋峠でゲラゲラポー,282,80.98,3.47,123.0,123.0,https://wikiwiki.jp/taiko-fumen/%E5%8F%8E%E9%8C%B2%E6%9B%B2/%E3%81%8A%E3%81%AB/%E5%88%9D%E6%81%8B%E5%B3%A0%E3%81%A7%E3%82%B2%E3%83%A9%E3%82%B2%E3%83%A9%E3%83%9D%E3%83%BC
あんずのうた(玄人譜面),484,140.54,3.437,195.0,195.0,https://wikiwiki.jp/taiko-fumen/%E5%8F%8E%E9%8C%B2%E6%9B%B2/%E3%81%8A%E3%81%AB/%E3%81%82%E3%82%93%E3%81%9A%E3%81%AE%E3%81%86%E3%81%9F
ようかい体操第一,272,79.44,3.411,125.0,125.0,https://wikiwiki.jp/taiko-fumen/%E5%8F%8E%E9%8C%B2%E6%9B%B2/%E3%81%8A%E3%81%AB/%E3%82%88%E3%81%86%E3%81%8B%E3%81%84%E4%BD%93%E6%93%8D%E7%AC%AC%E4%B8%80
ラーメン de Yo-Men!!,487,147.8,3.288,118.0,118.0,https://wikiwiki.jp/taiko-fumen/%E5%8F%8E%E9%8C%B2%E6%9B%B2/%E3%81%8A%E3%81%AB/%E3%83%A9%E3%83%BC%E3%83%A1%E3%83%B3%20de%20Yo-Men%21%21
GLORIOUS RO@D,315,97.27,3.228,128.0,128.0,https://wikiwiki.jp/taiko-fumen/%E5%8F%8E%E9%8C%B2%E6%9B%B2/%E3%81%8A%E3%81%AB/GLORIOUS%20RO%40D
CITRUS,297,91.83,3.223,82.0,82.0,https://wikiwiki.jp/taiko-fumen/%E5%8F%8E%E9%8C%B2%E6%9B%B2/%E3%81%8A%E3%81%AB/CITRUS
宿命,287,90.0,3.178,82.0,82.0,https://wikiwiki.jp/taiko-fumen/%E5%8F%8E%E9%8C%B2%E6%9B%B2/%E3%81%8A%E3%81%AB/%E5%AE%BF%E5%91%BD
ペンパイナッポーアッポーペン (ＰＰＡＰ),156,49.09,3.157,137.3,137.3,https://wikiwiki.jp/taiko-fumen/%E5%8F%8E%E9%8C%B2%E6%9B%B2/%E3%81%8A%E3%81%AB/%E3%83%9A%E3%83%B3%E3%83%91%E3%82%A4%E3%83%8A%E3%83%83%E3%83%9D%E3%83%BC%E3%82%A2%E3%83%83%E3%83%9D%E3%83%BC%E3%83%9A%E3%83%B3%28PPAP%29
8月の坂,291,92.31,3.142,130.0,130.0,https://wikiwiki.jp/taiko-fumen/%E5%8F%8E%E9%8C%B2%E6%9B%B2/%E3%81%8A%E3%81%AB/8%E6%9C%88%E3%81%AE%E5%9D%82
ソラのミチシルベ,339,113.07,2.989,159.98,159.98,https://wikiwiki.jp/taiko-fumen/%E5%8F%8E%E9%8C%B2%E6%9B%B2/%E3%81%8A%E3%81%AB/%E3%82%BD%E3%83%A9%E3%81%AE%E3%83%9F%E3%83%81%E3%82%B7%E3%83%AB%E3%83%99
ねぇ教えて,404,135.6,2.972,100.0,100.0,https://wikiwiki.jp/taiko-fumen/%E5%8F%8E%E9%8C%B2%E6%9B%B2/%E3%81%8A%E3%81%AB/%E3%81%AD%E3%81%87%E6%95%99%E3%81%88%E3%81%A6
火星,376,128.2,2.925,156.09,156.09,https://wikiwiki.jp/taiko-fumen/%E5%8F%8E%E9%8C%B2%E6%9B%B2/%E3%81%8A%E3%81%AB/%E7%81%AB%E6%98%9F
DANCE MONKEY,397,137.14,2.888,98.0,98.0,https://wikiwiki.jp/taiko-fumen/%E5%8F%8E%E9%8C%B2%E6%9B%B2/%E3%81%8A%E3%81%AB/DANCE%20MONKEY
スポーツダイジェスドン,436,152.65,2.85,130.0,130.0,https://wikiwiki.jp/taiko-fumen/%E5%8F%8E%E9%8C%B2%E6%9B%B2/%E3%81%8A%E3%81%AB/%E3%82%B9%E3%83%9D%E3%83%BC%E3%83%84%E3%83%80%E3%82%A4%E3%82%B8%E3%82%A7%E3%82%B9%E3%83%89%E3%83%B3
【双打】 もりのくまさん,288,101.25,2.835,120.0,120.0,https://wikiwiki.jp/taiko-fumen/%E5%8F%8E%E9%8C%B2%E6%9B%B2/%E3%81%8A%E3%81%AB/%E3%80%90%E5%8F%8C%E6%89%93%E3%80%91%20%E3%82%82%E3%82%8A%E3%81%AE%E3%81%8F%E3%81%BE%E3%81%95%E3%82%93
【双打】 もりのくまさん,288,101.5,2.828,120.0,120.0,https://wikiwiki.jp/taiko-fumen/%E5%8F%8E%E9%8C%B2%E6%9B%B2/%E3%81%8A%E3%81%AB/%E3%80%90%E5%8F%8C%E6%89%93%E3%80%91%20%E3%82%82%E3%82%8A%E3%81%AE%E3%81%8F%E3%81%BE%E3%81%95%E3%82%93
【双打】 恋,237,85.73,2.753,158.0,158.0,https://wikiwiki.jp/taiko-fumen/%E5%8F%8E%E9%8C%B2%E6%9B%B2/%E3%81%8A%E3%81%AB/%E3%80%90%E5%8F%8C%E6%89%93%E3%80%91%20%E6%81%8B
【双打】 恋,234,85.73,2.718,158.0,158.0,https://wikiwiki.jp/taiko-fumen/%E5%8F%8E%E9%8C%B2%E6%9B%B2/%E3%81%8A%E3%81%AB/%E3%80%90%E5%8F%8C%E6%89%93%E3%80%91%20%E6%81%8B
ドライフラワー,243,90.41,2.677,74.0,74.0,https://wikiwiki.jp/taiko-fumen/%E5%8F%8E%E9%8C%B2%E6%9B%B2/%E3%81%8A%E3%81%AB/%E3%83%89%E3%83%A9%E3%82%A4%E3%83%95%E3%83%A9%E3%83%AF%E3%83%BC
修錬愛情 Practice Love,264,99.11,2.654,67.5,67.5,https://wikiwiki.jp/taiko-fumen/%E5%8F%8E%E9%8C%B2%E6%9B%B2/%E3%81%8A%E3%81%AB/%E4%BF%AE%E9%8C%AC%E6%84%9B%E6%83%85%20Practice%20Love
ひまわりの約束,233,100.25,2.314,79.0,79.0,https://wikiwiki.jp/taiko-fumen/%E5%8F%8E%E9%8C%B2%E6%9B%B2/%E3%81%8A%E3%81%AB/%E3%81%B2%E3%81%BE%E3%82%8F%E3%82%8A%E3%81%AE%E7%B4%84%E6%9D%9F
裸の心,187,88.78,2.095,74.0,74.0,https://wikiwiki.jp/taiko-fumen/%E5%8F%8E%E9%8C%B2%E6%9B%B2/%E3%81%8A%E3%81%AB/%E8%A3%B8%E3%81%AE%E5%BF%83
